id,name,cached_slug,adult,market_id,erotic
41,Cine familiar,cine-familiar,False,2,False
143,Classic Movies,classic-movies,False,1,False
189,Animation,animation,False,4,False
213,Erotico,erotico,False,5,True
238,Horrorfilme,horrorfilme,False,6,False
267,Science Fiction,science-fiction,False,7,False
291,Action,action,False,12,False
323,Drama,drama,False,8,False
346,Erótico,erotico,False,10,True
376,Thriller,thriller,False,11,False
441,Musical,musical,False,1,False
461,Comedy,comedy,False,17,False
481,Science Fiction,science-fiction,False,18,False
501,Horror,horror,False,19,False
521,Drama,drama,False,20,False
541,Romance,romance,False,21,False
561,Action,action,False,22,False
581,Kids & Family,kids-family,False,23,False
601,Classic Movies,classic-movies,False,24,False
621,Thriller,thriller,False,25,False
641,Western,western,False,26,False
661,Animation,animation,False,27,False
681,Disney,disney,False,28,False
701,Wojenne,wojenne,False,29,False
721,Docs & Specials,docs-specials,False,30,False
741,Indie,indie,False,31,False
780,Adventure,adventure,False,33,False
800,Fantasy,fantasy,False,34,False
820,Musikalsk,musikalsk,False,35,False
840,Brittiläiset,brittilaiset,False,36,False
879,Comedy,comedy,False,39,False
899,Science Fiction,science-fiction,False,40,False
919,Horror,horror,False,41,False
939,Drama,drama,False,42,False
959,Svenska filmer,svenska-filmer,False,34,False
985,Musical,musical,False,8,False
1005,Horror,horror,False,43,False
1025,Takarazuka,takarazuka,False,43,False
44,Thriller,thriller,False,2,False
150,Animation,animation,False,1,False
192,Disney,disney,False,4,False
216,Horror,horror,False,5,False
242,Romantik,romantik,False,6,False
270,Western,western,False,7,False
297,Comédie,comedie,False,12,False
328,Horror,horror,False,8,False
349,Gay e Lésbico,gay-e-lesbico,False,10,False
380,Romantik,romantik,False,9,False
444,Horror,horror,False,16,False
464,Drama,drama,False,17,False
484,Romance,romance,False,18,False
504,Action,action,False,19,False
524,Kids & Family,kids-family,False,20,False
544,Classic Movies,classic-movies,False,21,False
564,Thriller,thriller,False,22,False
584,Western,western,False,23,False
604,Animation,animation,False,24,False
624,Disney,disney,False,25,False
644,War,war,False,26,False
664,Docs & Specials,docs-specials,False,27,False
684,Indie,indie,False,28,False
704,Przygoda,przygoda,False,29,False
724,Fantasy,fantasy,False,30,False
744,Musical,musical,False,31,False
783,British,british,False,33,False
803,Komedie,komedie,False,35,False
823,Scifi,scifi,False,36,False
862,Skrekk,skrekk,False,38,False
882,Drama,drama,False,39,False
902,Romance,romance,False,40,False
922,Action,action,False,41,False
942,Kids & Family,kids-family,False,42,False
967,Action,action,False,6,False
988,Anime,anime,False,9,False
1008,Japanese Cinema,japanese-cinema,False,43,False
25,Ciencia ficción,ciencia-ficcion,False,2,False
128,Drama,drama,False,1,False
178,Animation,animation,False,3,False
209,Azione,azione,False,5,False
234,Drama,drama,False,6,False
260,Fantasy,fantasy,False,7,False
285,Komödien,komoedien,False,9,False
319,Classic Movies,classic-movies,False,8,False
342,Comédia,comedia,False,10,False
367,Drame,drame,False,11,False
432,Estrangeiro,estrangeiro,False,10,False
457,Adventure,adventure,False,16,False
477,Fantasy,fantasy,False,17,False
497,Musical,musical,False,18,False
517,British,british,False,19,False
537,Comedy,comedy,False,21,False
557,Science Fiction,science-fiction,False,22,False
577,Horror,horror,False,23,False
597,Drama,drama,False,24,False
617,Romance,romance,False,25,False
637,Action,action,False,26,False
657,Kids & Family,kids-family,False,27,False
677,Classic Movies,classic-movies,False,28,False
697,Thrillery,thrillery,False,29,False
717,Western,western,False,30,False
737,Animation,animation,False,31,False
776,Disney,disney,False,33,False
796,Krig,krig,False,34,False
816,Dokumentar,dokumentar,False,35,False
836,Indie,indie,False,36,False
875,Eventyr,eventyr,False,38,False
895,Fantasy,fantasy,False,39,False
915,Musical,musical,False,40,False
935,British,british,False,41,False
955,Musical,musical,False,7,False
980,Fantasy,fantasy,False,6,False
1001,Kids & Family,kids-family,False,43,False
1021,Medical Drama,medical-drama,False,43,False
35,Acción,accion,False,2,False
141,Kids & Family,kids-family,False,1,False
186,Documentaire,documentaire,False,3,False
212,Drammatico,drammatico,False,5,False
237,Filmklassiker,filmklassiker,False,6,False
266,Romance,romance,False,7,False
290,Western,western,False,9,False
322,Documentaires,documentaires,False,8,False
345,Drama,drama,False,10,False
374,Romantique,romantique,False,11,False
440,Films étrangers,films-etrangers,False,11,False
460,British,british,False,16,False
480,Comedy,comedy,False,18,False
500,Science Fiction,science-fiction,False,19,False
520,Horror,horror,False,20,False
540,Drama,drama,False,21,False
560,Romance,romance,False,22,False
580,Action,action,False,23,False
600,Kids & Family,kids-family,False,24,False
620,Classic Movies,classic-movies,False,25,False
640,Thriller,thriller,False,26,False
660,Western,western,False,27,False
680,Animation,animation,False,28,False
700,Disney,disney,False,29,False
720,War,war,False,30,False
740,Docs & Specials,docs-specials,False,31,False
779,Indie,indie,False,33,False
799,Äventyr,aventyr,False,34,False
819,Fantasi,fantasi,False,35,False
839,Musikaalit,musikaalit,False,36,False
878,British,british,False,38,False
898,Comedy,comedy,False,40,False
918,Science Fiction,science-fiction,False,41,False
938,Horror,horror,False,42,False
958,Norske filmer,norske-filmer,False,38,False
984,Fantasía,fantasia,False,2,False
1004,German Cinema,german-cinema,False,43,False
1024,Music,music,False,43,False
43,Clásicos,clasicos,False,2,False
145,Western,western,False,1,False
191,Komödien,komoedien,False,4,False
215,Guerra,guerra,False,5,False
240,Krieg,krieg,False,6,False
269,War,war,False,7,False
293,Animation,animation,False,12,False
326,Fantasie,fantasie,False,8,False
348,Fantasia,fantasia,False,10,False
378,Western,western,False,11,False
443,Science Fiction,science-fiction,False,16,False
463,Horror,horror,False,17,False
483,Drama,drama,False,18,False
503,Romance,romance,False,19,False
523,Action,action,False,20,False
543,Kids & Family,kids-family,False,21,False
563,Classic Movies,classic-movies,False,22,False
583,Thriller,thriller,False,23,False
603,Western,western,False,24,False
623,Animation,animation,False,25,False
643,Disney,disney,False,26,False
663,War,war,False,27,False
683,Docs & Specials,docs-specials,False,28,False
703,Kino Niezależne,kino-niezalezne,False,29,False
723,Adventure,adventure,False,30,False
743,Fantasy,fantasy,False,31,False
782,Musical,musical,False,33,False
802,Brittiskt,brittiskt,False,34,False
822,Komedia,komedia,False,36,False
861,Science Fiction,science-fiction,False,38,False
881,Horror,horror,False,39,False
901,Drama,drama,False,40,False
921,Romance,romance,False,41,False
941,Action,action,False,42,False
966,Abenteuer,abenteuer,False,4,False
987,Anime,anime,False,6,False
1007,Italian Cinema,italian-cinema,False,43,False
47,Erótico,erotico,False,2,True
153,War,war,False,1,False
194,Drama,drama,False,4,False
218,Romantico,romantico,False,5,False
245,Western,western,False,6,False
272,Comedia romántica,comedia-romantica,False,2,False
299,Documentaire,documentaire,False,12,False
331,Romantiek,romantiek,False,8,False
351,Alternativo,alternativo,False,10,False
385,De 6 a 10 años,de-6-a-10-anos,False,2,False
446,Romance,romance,False,16,False
466,Action,action,False,17,False
486,Kids & Family,kids-family,False,18,False
506,Classic Movies,classic-movies,False,19,False
526,Thriller,thriller,False,20,False
546,Western,western,False,21,False
566,Animation,animation,False,22,False
586,Disney,disney,False,23,False
606,War,war,False,24,False
626,Docs & Specials,docs-specials,False,25,False
646,Indie,indie,False,26,False
666,Adventure,adventure,False,27,False
686,Fantasy,fantasy,False,28,False
706,Musical,musical,False,29,False
726,British,british,False,30,False
765,Comedy,comedy,False,33,False
785,Science fiction,science-fiction,False,34,False
805,Skræk,skraek,False,35,False
825,Draama,draama,False,36,False
864,Romanse,romanse,False,38,False
884,Action,action,False,39,False
904,Kids & Family,kids-family,False,40,False
924,Classic Movies,classic-movies,False,41,False
944,Thriller,thriller,False,42,False
969,Abenteuer,abenteuer,False,9,False
990,Adventure,adventure,False,43,False
1010,Musical,musical,False,43,False
28,Drama,drama,False,2,False
135,Action,action,False,1,False
180,Aventure,aventure,False,3,False
211,Documentario,documentario,False,5,False
236,Familie,familie,False,6,False
264,Indie,indie,False,7,False
289,Thriller,thriller,False,9,False
321,Disney,disney,False,8,False
344,Documentários,documentarios,False,10,False
371,Horreur,horreur,False,11,False
439,Fantastique,fantastique,False,11,False
459,Musical,musical,False,16,False
479,British,british,False,17,False
499,Comedy,comedy,False,19,False
519,Science Fiction,science-fiction,False,20,False
539,Horror,horror,False,21,False
559,Drama,drama,False,22,False
579,Romance,romance,False,23,False
599,Action,action,False,24,False
619,Kids & Family,kids-family,False,25,False
639,Classic Movies,classic-movies,False,26,False
659,Thriller,thriller,False,27,False
679,Western,western,False,28,False
699,Animacja,animacja,False,29,False
719,Disney,disney,False,30,False
739,War,war,False,31,False
778,Docs & Specials,docs-specials,False,33,False
798,Indie,indie,False,34,False
818,Eventyr,eventyr,False,35,False
838,Fantasia,fantasia,False,36,False
877,Musikalsk,musikalsk,False,38,False
897,British,british,False,39,False
917,Comedy,comedy,False,41,False
937,Science Fiction,science-fiction,False,42,False
957,Suomalainen elokuva,suomalainen-elokuva,False,36,False
982,Fantasy,fantasy,False,5,False
1003,French Cinema,french-cinema,False,43,False
1023,Variety,variety,False,43,False
42,Cine español,cine-espanol,False,2,False
144,Thriller,thriller,False,1,False
190,Filmklassiker,filmklassiker,False,4,False
214,Fantascienza,fantascienza,False,5,False
239,Komödien,komoedien,False,6,False
268,Thriller,thriller,False,7,False
292,Aventure,aventure,False,12,False
325,Kinderen & Familie,kinderen-familie,False,8,False
347,Familiar,familiar,False,10,False
377,Guerre,guerre,False,11,False
442,Comedy,comedy,False,16,False
462,Science Fiction,science-fiction,False,17,False
482,Horror,horror,False,18,False
502,Drama,drama,False,19,False
522,Romance,romance,False,20,False
542,Action,action,False,21,False
562,Kids & Family,kids-family,False,22,False
582,Classic Movies,classic-movies,False,23,False
602,Thriller,thriller,False,24,False
622,Western,western,False,25,False
642,Animation,animation,False,26,False
662,Disney,disney,False,27,False
682,War,war,False,28,False
702,Dokumentalne,dokumentalne,False,29,False
722,Indie,indie,False,30,False
742,Adventure,adventure,False,31,False
781,Fantasy,fantasy,False,33,False
801,Musikaler,musikaler,False,34,False
821,Britisk,britisk,False,35,False
860,Komedie,komedie,False,38,False
880,Science Fiction,science-fiction,False,39,False
900,Horror,horror,False,40,False
920,Drama,drama,False,41,False
940,Romance,romance,False,42,False
965,Action,action,False,4,False
986,Anime,anime,False,4,False
1006,Indie,indie,False,43,False
54,Documental,documental,False,2,False
170,Comédie,comedie,False,3,False
202,Thriller,thriller,False,4,False
223,Deutscher Film,deutscher-film,False,4,False
253,Classic Movies,classic-movies,False,7,False
279,Doku,doku,False,9,False
311,Thriller,thriller,False,12,False
336,Ação,acao,False,10,False
358,Action,action,False,11,False
393,Romantique,romantique,False,3,False
451,Western,western,False,16,False
471,Animation,animation,False,17,False
491,Disney,disney,False,18,False
511,War,war,False,19,False
531,Docs & Specials,docs-specials,False,20,False
551,Indie,indie,False,21,False
571,Adventure,adventure,False,22,False
591,Fantasy,fantasy,False,23,False
611,Musical,musical,False,24,False
631,British,british,False,25,False
651,Comedy,comedy,False,27,False
671,Science Fiction,science-fiction,False,28,False
691,Horrory,horrory,False,29,False
711,Drama,drama,False,30,False
731,Romance,romance,False,31,False
770,Action,action,False,33,False
790,Barn & Familj,barn-familj,False,34,False
810,Classic Movies,classic-movies,False,35,False
830,Trillerit,trillerit,False,36,False
869,Vestlig,vestlig,False,38,False
889,Animation,animation,False,39,False
909,Disney,disney,False,40,False
929,War,war,False,41,False
949,Docs & Specials,docs-specials,False,42,False
974,Fantastique,fantastique,False,3,False
995,Chinese Cinema,chinese-cinema,False,43,False
1015,Suspense,suspense,False,43,False
123,Comedy,comedy,False,1,False
175,Action,action,False,3,False
206,Animazione,animazione,False,5,False
231,Deutscher Film,deutscher-film,False,6,False
256,Docs & Specials,docs-specials,False,7,False
282,Familie,familie,False,9,False
314,Actie,actie,False,8,False
339,Anime,anime,False,10,False
364,Comédie,comedie,False,11,False
424,Férias,ferias,False,10,False
454,War,war,False,16,False
474,Docs & Specials,docs-specials,False,17,False
494,Indie,indie,False,18,False
514,Adventure,adventure,False,19,False
534,Fantasy,fantasy,False,20,False
554,Musical,musical,False,21,False
574,British,british,False,22,False
594,Comedy,comedy,False,24,False
614,Science Fiction,science-fiction,False,25,False
634,Horror,horror,False,26,False
654,Drama,drama,False,27,False
674,Romance,romance,False,28,False
694,Akcja,akcja,False,29,False
714,Kids & Family,kids-family,False,30,False
734,Classic Movies,classic-movies,False,31,False
773,Thriller,thriller,False,33,False
793,Western,western,False,34,False
813,Animasjon,animasjon,False,35,False
833,Disney,disney,False,36,False
872,Krig,krig,False,38,False
892,Docs & Specials,docs-specials,False,39,False
912,Indie,indie,False,40,False
932,Adventure,adventure,False,41,False
952,Fantasy,fantasy,False,42,False
977,Sci-Fi,sci-fi,False,6,False
998,Crime,crime,False,43,False
1018,Western,western,False,43,False
52,Disney,disney,False,2,False
158,Adventure,adventure,False,1,False
199,Horrorfilme,horrorfilme,False,4,False
221,Films Français,films-francais,False,3,False
249,Animation,animation,False,7,False
277,Deutscher Film,deutscher-film,False,9,False
306,Horreur,horreur,False,12,False
334,Oorlog,oorlog,False,8,False
356,Guerra,guerra,False,10,False
390,Films Français,films-francais,False,11,False
449,Classic Movies,classic-movies,False,16,False
469,Thriller,thriller,False,17,False
489,Western,western,False,18,False
509,Animation,animation,False,19,False
529,Disney,disney,False,20,False
549,War,war,False,21,False
569,Docs & Specials,docs-specials,False,22,False
589,Indie,indie,False,23,False
609,Adventure,adventure,False,24,False
629,Fantasy,fantasy,False,25,False
649,Musical,musical,False,26,False
669,British,british,False,27,False
689,Komedia,komedia,False,29,False
709,Science Fiction,science-fiction,False,30,False
729,Horror,horror,False,31,False
768,Drama,drama,False,33,False
788,Romantik,romantik,False,34,False
808,Handling,handling,False,35,False
828,Lapset & koko perhe,lapset-koko-perhe,False,36,False
867,Classic Movies,classic-movies,False,38,False
887,Thriller,thriller,False,39,False
907,Western,western,False,40,False
927,Animation,animation,False,41,False
947,Disney,disney,False,42,False
972,Sci-Fi,sci-fi,False,12,False
993,Asian Cinema,asian-cinema,False,43,False
1013,Spanish Cinema,spanish-cinema,False,43,False
55,Cine de autor,cine-de-autor,False,2,False
172,Horreur,horreur,False,3,False
203,Krieg,krieg,False,4,False
224,Per tutta la famiglia,per-tutta-la-famiglia,False,5,False
254,Comedy,comedy,False,7,False
280,Drama,drama,False,9,False
312,Guerre,guerre,False,12,False
337,Aventura,aventura,False,10,False
359,Aventure,aventure,False,11,False
407,Intriga,intriga,False,10,False
452,Animation,animation,False,16,False
472,Disney,disney,False,17,False
492,War,war,False,18,False
512,Docs & Specials,docs-specials,False,19,False
532,Indie,indie,False,20,False
552,Adventure,adventure,False,21,False
572,Fantasy,fantasy,False,22,False
592,Musical,musical,False,23,False
612,British,british,False,24,False
632,Comedy,comedy,False,26,False
652,Science Fiction,science-fiction,False,27,False
672,Horror,horror,False,28,False
692,Dramat,dramat,False,29,False
712,Romance,romance,False,30,False
732,Action,action,False,31,False
771,Kids & Family,kids-family,False,33,False
791,Klassiska filmer,klassiska-filmer,False,34,False
811,Thriller,thriller,False,35,False
831,Lännenfilmit,lannenfilmit,False,36,False
870,Animasjon,animasjon,False,38,False
890,Disney,disney,False,39,False
910,War,war,False,40,False
930,Docs & Specials,docs-specials,False,41,False
950,Indie,indie,False,42,False
975,Fantastique,fantastique,False,12,False
996,Classic Movies,classic-movies,False,43,False
1016,Thriller,thriller,False,43,False
125,Science Fiction,science-fiction,False,1,False
176,Kids & Famille,kids-famille,False,3,False
207,Avventura,avventura,False,5,False
232,Disney,disney,False,6,False
257,Drama,drama,False,7,False
283,Filmklassiker,filmklassiker,False,9,False
315,Avontuur,avontuur,False,8,False
340,Filmes B,filmes-b,False,10,False
365,Disney,disney,False,11,False
425,Romântico,romantico,False,10,False
455,Docs & Specials,docs-specials,False,16,False
475,Indie,indie,False,17,False
495,Adventure,adventure,False,18,False
515,Fantasy,fantasy,False,19,False
535,Musical,musical,False,20,False
555,British,british,False,21,False
575,Comedy,comedy,False,23,False
595,Science Fiction,science-fiction,False,24,False
615,Horror,horror,False,25,False
635,Drama,drama,False,26,False
655,Romance,romance,False,27,False
675,Action,action,False,28,False
695,Familijne i dla dzieci,familijne-i-dla-dzieci,False,29,False
715,Classic Movies,classic-movies,False,30,False
735,Thriller,thriller,False,31,False
774,Western,western,False,33,False
794,Animerat,animerat,False,34,False
814,Disney,disney,False,35,False
834,Sota,sota,False,36,False
873,Dokumentar,dokumentar,False,38,False
893,Indie,indie,False,39,False
913,Adventure,adventure,False,40,False
933,Fantasy,fantasy,False,41,False
953,Musical,musical,False,42,False
978,Sci-Fi,sci-fi,False,9,False
999,Docs & Specials,docs-specials,False,43,False
1019,Other,other,False,43,False
26,Terror,terror,False,2,False
130,Romance,romance,False,1,False
179,Guerre,guerre,False,3,False
210,Commedia,commedia,False,5,False
235,Erotik,erotik,False,6,True
263,Horror,horror,False,7,False
286,Krieg,krieg,False,9,False
320,Komedie,komedie,False,8,False
343,Disney,disney,False,10,False
369,Kids & Famille,kids-famille,False,11,False
438,Disney,disney,False,3,False
458,Fantasy,fantasy,False,16,False
478,Musical,musical,False,17,False
498,British,british,False,18,False
518,Comedy,comedy,False,20,False
538,Science Fiction,science-fiction,False,21,False
558,Horror,horror,False,22,False
578,Drama,drama,False,23,False
598,Romance,romance,False,24,False
618,Action,action,False,25,False
638,Kids & Family,kids-family,False,26,False
658,Classic Movies,classic-movies,False,27,False
678,Thriller,thriller,False,28,False
698,Westerny,westerny,False,29,False
718,Animation,animation,False,30,False
738,Disney,disney,False,31,False
777,War,war,False,33,False
797,Dokumentär,dokumentar,False,34,False
817,Indie,indie,False,35,False
837,Seikkailu,seikkailu,False,36,False
876,Fantasi,fantasi,False,38,False
896,Musical,musical,False,39,False
916,British,british,False,40,False
936,Comedy,comedy,False,42,False
956,Danske film,danske-film,False,35,False
981,Fantasy,fantasy,False,9,False
1002,Fantasy,fantasy,False,43,False
1022,Mystery,mystery,False,43,False
58,Aventuras,aventuras,False,2,False
173,Drame,drame,False,3,False
204,Western,western,False,4,False
229,Animation,animation,False,6,False
255,Disney,disney,False,7,False
281,Erotik,erotik,False,9,True
313,Western,western,False,12,False
338,Animação,animacao,False,10,False
360,Animation,animation,False,11,False
423,Filmes franceses,filmes-franceses,False,10,False
453,Disney,disney,False,16,False
473,War,war,False,17,False
493,Docs & Specials,docs-specials,False,18,False
513,Indie,indie,False,19,False
533,Adventure,adventure,False,20,False
553,Fantasy,fantasy,False,21,False
573,Musical,musical,False,22,False
593,British,british,False,23,False
613,Comedy,comedy,False,25,False
633,Science Fiction,science-fiction,False,26,False
653,Horror,horror,False,27,False
673,Drama,drama,False,28,False
693,Romans,romans,False,29,False
713,Action,action,False,30,False
733,Kids & Family,kids-family,False,31,False
772,Classic Movies,classic-movies,False,33,False
792,Thriller,thriller,False,34,False
812,Vestlig,vestlig,False,35,False
832,Animaatiot,animaatiot,False,36,False
871,Disney,disney,False,38,False
891,War,war,False,39,False
911,Docs & Specials,docs-specials,False,40,False
931,Indie,indie,False,41,False
951,Adventure,adventure,False,42,False
976,Science-Fiction,science-fiction,False,4,False
997,Comedy,comedy,False,43,False
1017,War,war,False,43,False
23,Comedia,comedia,False,2,False
126,Horror,horror,False,1,False
177,Thriller,thriller,False,3,False
208,Disney,disney,False,5,False
233,Doku,doku,False,6,False
259,Kids & Family,kids-family,False,7,False
284,Horrorfilme,horrorfilme,False,9,False
316,Animatie,animatie,False,8,False
341,Clássicos,classicos,False,10,False
366,Documentaire,documentaire,False,11,False
427,Comédia musical,comedia-musical,False,10,False
456,Indie,indie,False,16,False
476,Adventure,adventure,False,17,False
496,Fantasy,fantasy,False,18,False
516,Musical,musical,False,19,False
536,British,british,False,20,False
556,Comedy,comedy,False,22,False
576,Science Fiction,science-fiction,False,23,False
596,Horror,horror,False,24,False
616,Drama,drama,False,25,False
636,Romance,romance,False,26,False
656,Action,action,False,27,False
676,Kids & Family,kids-family,False,28,False
696,Filmy klasyczne,filmy-klasyczne,False,29,False
716,Thriller,thriller,False,30,False
736,Western,western,False,31,False
775,Animation,animation,False,33,False
795,Disney,disney,False,34,False
815,Krig,krig,False,35,False
835,Dokumentit,dokumentit,False,36,False
874,Indie,indie,False,38,False
894,Adventure,adventure,False,39,False
914,Fantasy,fantasy,False,40,False
934,Musical,musical,False,41,False
954,British,british,False,42,False
979,Fantasy,fantasy,False,4,False
1000,Drama,drama,False,43,False
1020,Historical Drama,historical-drama,False,43,False
45,Western,western,False,2,False
152,Disney,disney,False,1,False
193,Doku,doku,False,4,False
217,Musicale,musicale,False,5,False
244,Thriller,thriller,False,6,False
271,Cinema Italiano,cinema-italiano,False,5,False
298,Disney,disney,False,12,False
329,Indie,indie,False,8,False
350,Horror,horror,False,10,False
384,Preescolar,preescolar,False,2,False
445,Drama,drama,False,16,False
465,Romance,romance,False,17,False
485,Action,action,False,18,False
505,Kids & Family,kids-family,False,19,False
525,Classic Movies,classic-movies,False,20,False
545,Thriller,thriller,False,21,False
565,Western,western,False,22,False
585,Animation,animation,False,23,False
605,Disney,disney,False,24,False
625,War,war,False,25,False
645,Docs & Specials,docs-specials,False,26,False
665,Indie,indie,False,27,False
685,Adventure,adventure,False,28,False
705,Fantasy,fantasy,False,29,False
725,Musical,musical,False,30,False
745,British,british,False,31,False
784,Komedi,komedi,False,34,False
804,Science Fiction,science-fiction,False,35,False
824,Kauhu,kauhu,False,36,False
863,Drama,drama,False,38,False
883,Romance,romance,False,39,False
903,Action,action,False,40,False
923,Kids & Family,kids-family,False,41,False
943,Classic Movies,classic-movies,False,42,False
968,Abenteuer,abenteuer,False,6,False
989,Action,action,False,43,False
1009,Korean Cinema,korean-cinema,False,43,False
51,Cine adulto,cine-adulto,True,2,False
155,Indie,indie,False,1,False
196,Erotik,erotik,False,4,True
220,Western,western,False,5,False
248,Adventure,adventure,False,7,False
275,Animation,animation,False,9,False
302,Kids & Famille,kids-famille,False,12,False
333,Thriller,thriller,False,8,False
354,Ficção científica,ficcao-cientifica,False,10,False
389,Western,western,False,3,False
448,Kids & Family,kids-family,False,16,False
468,Classic Movies,classic-movies,False,17,False
488,Thriller,thriller,False,18,False
508,Western,western,False,19,False
528,Animation,animation,False,20,False
548,Disney,disney,False,21,False
568,War,war,False,22,False
588,Docs & Specials,docs-specials,False,23,False
608,Indie,indie,False,24,False
628,Adventure,adventure,False,25,False
648,Fantasy,fantasy,False,26,False
668,Musical,musical,False,27,False
688,British,british,False,28,False
708,Comedy,comedy,False,30,False
728,Science Fiction,science-fiction,False,31,False
767,Horror,horror,False,33,False
787,Drama,drama,False,34,False
807,Romanse,romanse,False,35,False
827,Toiminta,toiminta,False,36,False
866,Kids & Family,kids-family,False,38,False
886,Classic Movies,classic-movies,False,39,False
906,Thriller,thriller,False,40,False
926,Western,western,False,41,False
946,Animation,animation,False,42,False
971,Science-fiction,science-fiction,False,3,False
992,Animation,animation,False,43,False
1012,Science Fiction,science-fiction,False,43,False
50,Animación,animacion,False,2,False
154,Docs & Specials,docs-specials,False,1,False
195,Familie,familie,False,4,False
219,Thriller,thriller,False,5,False
246,Action,action,False,7,False
273,Drama romántico,drama-romantico,False,2,False
300,Drame,drame,False,12,False
332,Science Fiction,science-fiction,False,8,False
352,Mistério,misterio,False,10,False
386,Mayores de 10 años,mayores-de-10-anos,False,2,False
447,Action,action,False,16,False
467,Kids & Family,kids-family,False,17,False
487,Classic Movies,classic-movies,False,18,False
507,Thriller,thriller,False,19,False
527,Western,western,False,20,False
547,Animation,animation,False,21,False
567,Disney,disney,False,22,False
587,War,war,False,23,False
607,Docs & Specials,docs-specials,False,24,False
627,Indie,indie,False,25,False
647,Adventure,adventure,False,26,False
667,Fantasy,fantasy,False,27,False
687,Musical,musical,False,28,False
707,Brytyjski,brytyjski,False,29,False
727,Comedy,comedy,False,31,False
766,Science Fiction,science-fiction,False,33,False
786,Skräck,skrack,False,34,False
806,Drama,drama,False,35,False
826,Romantiikka,romantiikka,False,36,False
865,Handling,handling,False,38,False
885,Kids & Family,kids-family,False,39,False
905,Classic Movies,classic-movies,False,40,False
925,Thriller,thriller,False,41,False
945,Western,western,False,42,False
970,Action,action,False,9,False
991,Alternative,alternative,False,43,False
1011,Romance,romance,False,43,False
53,Bélico,belico,False,2,False
162,Fantasy,fantasy,False,1,False
200,Romantik,romantik,False,4,False
222,British,british,False,1,False
252,British,british,False,7,False
278,Disney,disney,False,9,False
309,Romantique,romantique,False,12,False
335,Westerns,westerns,False,8,False
357,Western,western,False,10,False
391,Films Français,films-francais,False,12,False
450,Thriller,thriller,False,16,False
470,Western,western,False,17,False
490,Animation,animation,False,18,False
510,Disney,disney,False,19,False
530,War,war,False,20,False
550,Docs & Specials,docs-specials,False,21,False
570,Indie,indie,False,22,False
590,Adventure,adventure,False,23,False
610,Fantasy,fantasy,False,24,False
630,Musical,musical,False,25,False
650,British,british,False,26,False
670,Comedy,comedy,False,28,False
690,Science Fiction,science-fiction,False,29,False
710,Horror,horror,False,30,False
730,Drama,drama,False,31,False
769,Romance,romance,False,33,False
789,Action,action,False,34,False
809,Kids & Family,kids-family,False,35,False
829,Klassikot,klassikot,False,36,False
868,Thriller,thriller,False,38,False
888,Western,western,False,39,False
908,Animation,animation,False,40,False
928,Disney,disney,False,41,False
948,War,war,False,42,False
973,Sci-Fi,sci-fi,False,11,False
994,British,british,False,43,False
1014,Sports,sports,False,43,False
